{
  "us": "us (United States of America)",
  "af": "af (Afghanistan)",
  "al": "al (Albania)",
  "dz": "dz (Algeria)",
  "as": "as (American Samoa)",
  "ad": "ad (Andorra)",
  "ao": "ao (Angola)",
  "ai": "ai (Anguilla)",
  "aq": "aq (Antarctica)",
  "ag": "ag (Antigua and Barbuda)",
  "ar": "ar (Argentina)",
  "am": "am (Armenia)",
  "aw": "aw (Aruba)",
  "au": "au (Australia)",
  "at": "at (Austria)",
  "az": "az (Azerbaijan)",
  "bs": "bs (Bahamas)",
  "bh": "bh (Bahrain)",
  "bd": "bd (Bangladesh)",
  "bb": "bb (Barbados)",
  "by": "by (Belarus)",
  "be": "be (Belgium)",
  "bz": "bz (Belize)",
  "bj": "bj (Benin)",
  "bm": "bm (Bermuda)",
  "bt": "bt (Bhutan)",
  "bo": "bo (Bolivia)",
  "ba": "ba (Bosnia and Herzegovina)",
  "bw": "bw (Botswana)",
  "br": "br (Brazil)",
  "io": "io (British Indian Ocean Territory)",
  "vg": "vg (British Virgin Islands)",
  "bn": "bn (Brunei)",
  "bg": "bg (Bulgaria)",
  "bf": "bf (Burkina Faso)",
  "bi": "bi (Burundi)",
  "kh": "kh (Cambodia)",
  "cm": "cm (Cameroon)",
  "ca": "ca (Canada)",
  "cv": "cv (Cape Verde)",
  "ky": "ky (Cayman Islands)",
  "cf": "cf (Central African Republic)",
  "td": "td (Chad)",
  "cl": "cl (Chile)",
  "cn": "cn (China)",
  "cx": "cx (Christmas Island)",
  "cc": "cc (Cocos Islands)",
  "co": "co (Colombia)",
  "km": "km (Comoros)",
  "ck": "ck (Cook Islands)",
  "cr": "cr (Costa Rica)",
  "hr": "hr (Croatia)",
  "cu": "cu (Cuba)",
  "cw": "cw (Curacao)",
  "cy": "cy (Cyprus)",
  "cz": "cz (Czech Republic)",
  "cd": "cd (Democratic Republic of the Congo)",
  "dk": "dk (Denmark)",
  "dj": "dj (Djibouti)",
  "dm": "dm (Dominica)",
  "do": "do (Dominican Republic)",
  "tl": "tl (East Timor)",
  "ec": "ec (Ecuador)",
  "eg": "eg (Egypt)",
  "sv": "sv (El Salvador)",
  "gq": "gq (Equatorial Guinea)",
  "er": "er (Eritrea)",
  "ee": "ee (Estonia)",
  "et": "et (Ethiopia)",
  "fk": "fk (Falkland Islands)",
  "fo": "fo (Faroe Islands)",
  "fj": "fj (Fiji)",
  "fi": "fi (Finland)",
  "fr": "fr (France)",
  "pf": "pf (French Polynesia)",
  "ga": "ga (Gabon)",
  "gm": "gm (Gambia)",
  "ge": "ge (Georgia)",
  "de": "de (Germany)",
  "gh": "gh (Ghana)",
  "gi": "gi (Gibraltar)",
  "gr": "gr (Greece)",
  "gl": "gl (Greenland)",
  "gd": "gd (Grenada)",
  "gu": "gu (Guam)",
  "gt": "gt (Guatemala)",
  "gg": "gg (Guernsey)",
  "gn": "gn (Guinea)",
  "gw": "gw (Guinea-Bissau)",
  "gy": "gy (Guyana)",
  "ht": "ht (Haiti)",
  "hn": "hn (Honduras)",
  "hk": "hk (Hong Kong)",
  "hu": "hu (Hungary)",
  "is": "is (Iceland)",
  "in": "in (India)",
  "id": "id (Indonesia)",
  "ir": "ir (Iran)",
  "iq": "iq (Iraq)",
  "ie": "ie (Ireland)",
  "im": "im (Isle of Man)",
  "il": "il (Israel)",
  "it": "it (Italy)",
  "ci": "ci (Ivory Coast)",
  "jm": "jm (Jamaica)",
  "jp": "jp (Japan)",
  "je": "je (Jersey)",
  "jo": "jo (Jordan)",
  "kz": "kz (Kazakhstan)",
  "ke": "ke (Kenya)",
  "ki": "ki (Kiribati)",
  "xk": "xk (Kosovo)",
  "kw": "kw (Kuwait)",
  "kg": "kg (Kyrgyzstan)",
  "la": "la (Laos)",
  "lv": "lv (Latvia)",
  "lb": "lb (Lebanon)",
  "ls": "ls (Lesotho)",
  "lr": "lr (Liberia)",
  "ly": "ly (Libya)",
  "li": "li (Liechtenstein)",
  "lt": "lt (Lithuania)",
  "lu": "lu (Luxembourg)",
  "mo": "mo (Macau)",
  "mk": "mk (Macedonia)",
  "mg": "mg (Madagascar)",
  "mw": "mw (Malawi)",
  "my": "my (Malaysia)",
  "mv": "mv (Maldives)",
  "ml": "ml (Mali)",
  "mt": "mt (Malta)",
  "mh": "mh (Marshall Islands)",
  "mr": "mr (Mauritania)",
  "mu": "mu (Mauritius)",
  "yt": "yt (Mayotte)",
  "mx": "mx (Mexico)",
  "fm": "fm (Micronesia)",
  "md": "md (Moldova)",
  "mc": "mc (Monaco)",
  "mn": "mn (Mongolia)",
  "me": "me (Montenegro)",
  "ms": "ms (Montserrat)",
  "ma": "ma (Morocco)",
  "mz": "mz (Mozambique)",
  "mm": "mm (Myanmar)",
  "na": "na (Namibia)",
  "nr": "nr (Nauru)",
  "np": "np (Nepal)",
  "nl": "nl (Netherlands)",
  "an": "an (Netherlands Antilles)",
  "nc": "nc (New Caledonia)",
  "nz": "nz (New Zealand)",
  "ni": "ni (Nicaragua)",
  "ne": "ne (Niger)",
  "ng": "ng (Nigeria)",
  "nu": "nu (Niue)",
  "kp": "kp (North Korea)",
  "mp": "mp (Northern Mariana Islands)",
  "no": "no (Norway)",
  "om": "om (Oman)",
  "pk": "pk (Pakistan)",
  "pw": "pw (Palau)",
  "ps": "ps (Palestine)",
  "pa": "pa (Panama)",
  "pg": "pg (Papua New Guinea)",
  "py": "py (Paraguay)",
  "pe": "pe (Peru)",
  "ph": "ph (Philippines)",
  "pn": "pn (Pitcairn)",
  "pl": "pl (Poland)",
  "pt": "pt (Portugal)",
  "pr": "pr (Puerto Rico)",
  "qa": "qa (Qatar)",
  "cg": "cg (Republic of the Congo)",
  "re": "re (Reunion)",
  "ro": "ro (Romania)",
  "ru": "ru (Russia)",
  "rw": "rw (Rwanda)",
  "bl": "bl (Saint Barthelemy)",
  "sh": "sh (Saint Helena)",
  "kn": "kn (Saint Kitts and Nevis)",
  "lc": "lc (Saint Lucia)",
  "mf": "mf (Saint Martin)",
  "pm": "pm (Saint Pierre and Miquelon)",
  "vc": "vc (Saint Vincent and the Grenadines)",
  "ws": "ws (Samoa)",
  "sm": "sm (San Marino)",
  "st": "st (Sao Tome and Principe)",
  "sa": "sa (Saudi Arabia)",
  "sn": "sn (Senegal)",
  "rs": "rs (Serbia)",
  "sc": "sc (Seychelles)",
  "sl": "sl (Sierra Leone)",
  "sg": "sg (Singapore)",
  "sx": "sx (Sint Maarten)",
  "sk": "sk (Slovakia)",
  "si": "si (Slovenia)",
  "sb": "sb (Solomon Islands)",
  "so": "so (Somalia)",
  "za": "za (South Africa)",
  "kr": "kr (South Korea)",
  "ss": "ss (South Sudan)",
  "es": "es (Spain)",
  "lk": "lk (Sri Lanka)",
  "sd": "sd (Sudan)",
  "sr": "sr (Suriname)",
  "sj": "sj (Svalbard and Jan Mayen)",
  "sz": "sz (Swaziland)",
  "se": "se (Sweden)",
  "ch": "ch (Switzerland)",
  "sy": "sy (Syria)",
  "tw": "tw (Taiwan)",
  "tj": "tj (Tajikistan)",
  "tz": "tz (Tanzania)",
  "th": "th (Thailand)",
  "tg": "tg (Togo)",
  "tk": "tk (Tokelau)",
  "to": "to (Tonga)",
  "tt": "tt (Trinidad and Tobago)",
  "tn": "tn (Tunisia)",
  "tr": "tr (Turkey)",
  "tm": "tm (Turkmenistan)",
  "tc": "tc (Turks and Caicos Islands)",
  "tv": "tv (Tuvalu)",
  "vi": "vi (U.S. Virgin Islands)",
  "ug": "ug (Uganda)",
  "ua": "ua (Ukraine)",
  "ae": "ae (United Arab Emirates)",
  "gb": "gb (United Kingdom)",
  "uy": "uy (Uruguay)",
  "uz": "uz (Uzbekistan)",
  "vu": "vu (Vanuatu)",
  "va": "va (Vatican)",
  "ve": "ve (Venezuela)",
  "vn": "vn (Vietnam)",
  "wf": "wf (Wallis and Futuna)",
  "eh": "eh (Western Sahara)",
  "ye": "ye (Yemen)",
  "zm": "zm (Zambia)",
  "zw": "zw (Zimbabwe)"
}

