{
  "AL": {
    "name": "Alabama",
    "cities": ["Birmingham", "Montgomery", "Mobile", "Huntsville", "Tuscaloosa", "Hoover", "Dothan", "Auburn", "Decatur", "Madison", "Florence", "Gadsden", "Vestavia Hills", "Prattville", "Phenix City", "Opelika", "Anniston", "Prichard", "Bessemer", "Enterprise"]
  },
  "AK": {
    "name": "Alaska",
    "cities": ["Anchorage", "Fairbanks", "Juneau", "Sitka", "Wasilla", "Kenai", "Ketchikan", "Kodiak", "Bethel", "Palmer", "Homer", "Barrow", "Unalaska", "Soldotna", "Valdez", "Nome", "Kotzebue", "Seward", "Dillingham", "Cordova"]
  },
  "AZ": {
    "name": "Arizona",
    "cities": ["Phoenix", "Tucson", "Mesa", "Chandler", "Scottsdale", "Glendale", "Gilbert", "Tempe", "Peoria", "Surprise", "Yuma", "Avondale", "Goodyear", "Flagstaff", "Buckeye", "Lake Havasu City", "Casa Grande", "Sierra Vista", "Maricopa", "Oro Valley"]
  },
  "AR": {
    "name": "Arkansas",
    "cities": ["Little Rock", "Fort Smith", "Fayetteville", "Springdale", "Jonesboro", "North Little Rock", "Conway", "Rogers", "Pine Bluff", "Bentonville", "Hot Springs", "Texarkana", "Sherwood", "Jacksonville", "Russellville", "Bella Vista", "Paragould", "Cabot", "Searcy", "Van Buren"]
  },
  "CA": {
    "name": "California",
    "cities": ["Los Angeles", "San Diego", "San Jose", "San Francisco", "Fresno", "Sacramento", "Long Beach", "Oakland", "Bakersfield", "Anaheim", "Santa Ana", "Riverside", "Stockton", "Irvine", "Chula Vista", "Fremont", "San Bernardino", "Modesto", "Fontana", "Oxnard", "Moreno Valley", "Huntington Beach", "Glendale", "Santa Clarita", "Garden Grove", "Oceanside", "Rancho Cucamonga", "Santa Rosa", "Ontario", "Lancaster", "Elk Grove", "Corona", "Palmdale", "Salinas", "Pomona", "Hayward", "Escondido", "Torrance", "Sunnyvale", "Orange", "Fullerton", "Pasadena", "Thousand Oaks", "Visalia", "Simi Valley", "Concord", "Roseville", "Vallejo", "Victorville", "Santa Clara", "Fairfield"]
  },
  "CO": {
    "name": "Colorado",
    "cities": ["Denver", "Colorado Springs", "Aurora", "Fort Collins", "Lakewood", "Thornton", "Arvada", "Westminster", "Pueblo", "Centennial", "Boulder", "Greeley", "Longmont", "Loveland", "Grand Junction", "Broomfield", "Commerce City", "Parker", "Littleton", "Northglenn"]
  },
  "CT": {
    "name": "Connecticut",
    "cities": ["Bridgeport", "New Haven", "Hartford", "Stamford", "Waterbury", "Norwalk", "Danbury", "New Britain", "West Hartford", "Greenwich", "Hamden", "Meriden", "Bristol", "Middletown", "Milford", "West Haven", "Stratford", "Norwich", "Shelton", "Torrington"]
  },
  "DE": {
    "name": "Delaware",
    "cities": ["Wilmington", "Dover", "Newark", "Middletown", "Smyrna", "Milford", "Seaford", "Georgetown", "Elsmere", "New Castle", "Laurel", "Harrington", "Camden", "Clayton", "Lewes", "Milton", "Rehoboth Beach", "Dagsboro", "Felton", "Bridgeville"]
  },
  "FL": {
    "name": "Florida",
    "cities": ["Jacksonville", "Miami", "Tampa", "Orlando", "St. Petersburg", "Hialeah", "Tallahassee", "Fort Lauderdale", "Port St. Lucie", "Cape Coral", "Pembroke Pines", "Hollywood", "Miramar", "Gainesville", "Coral Springs", "Miami Gardens", "Clearwater", "Palm Bay", "West Palm Beach", "Pompano Beach", "Lakeland", "Davie", "Miami Beach", "Sunrise", "Plantation", "Boca Raton", "Deltona", "Largo", "Deerfield Beach", "Boynton Beach", "Fort Myers", "Kissimmee", "Homestead", "Tamarac", "Delray Beach", "Daytona Beach", "North Miami", "Wellington", "Jupiter", "Ocala"]
  },
  "GA": {
    "name": "Georgia",
    "cities": ["Atlanta", "Augusta", "Columbus", "Savannah", "Athens", "Sandy Springs", "Roswell", "Macon", "Johns Creek", "Albany", "Warner Robins", "Alpharetta", "Marietta", "Valdosta", "Smyrna", "Dunwoody", "Rome", "East Point", "Peachtree Corners", "Gainesville", "Hinesville", "Kennesaw", "Newnan", "Douglasville", "LaGrange", "Statesboro", "Dalton", "Carrollton", "Griffin", "Woodstock"]
  },
  "HI": {
    "name": "Hawaii",
    "cities": ["Honolulu", "Hilo", "Kailua", "Kaneohe", "Waipahu", "Pearl City", "Kahului", "Kihei", "Ewa Beach", "Mililani", "Kapaa", "Lihue", "Kailua-Kona", "Kurtistown", "Waimea", "Lahaina", "Wailuku", "Makawao", "Pukalani", "Haiku"]
  },
  "ID": {
    "name": "Idaho",
    "cities": ["Boise", "Nampa", "Meridian", "Idaho Falls", "Pocatello", "Caldwell", "Coeur d'Alene", "Twin Falls", "Lewiston", "Post Falls", "Rexburg", "Chubbuck", "Moscow", "Eagle", "Ammon", "Hayden", "Mountain Home", "Blackfoot", "Garden City", "Jerome"]
  },
  "IL": {
    "name": "Illinois",
    "cities": ["Chicago", "Aurora", "Naperville", "Joliet", "Rockford", "Elgin", "Peoria", "Champaign", "Waukegan", "Cicero", "Bloomington", "Arlington Heights", "Evanston", "Schaumburg", "Bolingbrook", "Palatine", "Skokie", "Des Plaines", "Orland Park", "Tinley Park", "Oak Lawn", "Berwyn", "Mount Prospect", "Normal", "Wheaton", "Hoffman Estates", "Oak Park", "Downers Grove", "Elmhurst", "Lombard"]
  },
  "IN": {
    "name": "Indiana",
    "cities": ["Indianapolis", "Fort Wayne", "Evansville", "South Bend", "Carmel", "Fishers", "Bloomington", "Hammond", "Gary", "Muncie", "Terre Haute", "Kokomo", "Anderson", "Noblesville", "Greenwood", "Elkhart", "Mishawaka", "Lawrence", "Jeffersonville", "Columbus"]
  },
  "IA": {
    "name": "Iowa",
    "cities": ["Des Moines", "Cedar Rapids", "Davenport", "Sioux City", "Iowa City", "Waterloo", "Council Bluffs", "Ames", "West Des Moines", "Dubuque", "Ankeny", "Urbandale", "Cedar Falls", "Marion", "Bettendorf", "Mason City", "Marshalltown", "Ottumwa", "Fort Dodge", "Burlington"]
  },
  "KS": {
    "name": "Kansas",
    "cities": ["Wichita", "Overland Park", "Kansas City", "Olathe", "Topeka", "Lawrence", "Shawnee", "Manhattan", "Lenexa", "Salina", "Hutchinson", "Leavenworth", "Leawood", "Dodge City", "Garden City", "Emporia", "Derby", "Prairie Village", "Hays", "Liberal"]
  },
  "KY": {
    "name": "Kentucky",
    "cities": ["Louisville", "Lexington", "Bowling Green", "Owensboro", "Covington", "Hopkinsville", "Richmond", "Florence", "Georgetown", "Henderson", "Elizabethtown", "Nicholasville", "Jeffersontown", "Frankfort", "Paducah", "Radcliff", "Ashland", "Madisonville", "Murray", "St. Matthews"]
  },
  "LA": {
    "name": "Louisiana",
    "cities": ["New Orleans", "Baton Rouge", "Shreveport", "Lafayette", "Lake Charles", "Kenner", "Bossier City", "Monroe", "Alexandria", "Houma", "Marrero", "Central", "Laplace", "Prairieville", "Metairie", "Chalmette", "Harvey", "Slidell", "Ruston", "Sulphur"]
  },
  "ME": {
    "name": "Maine",
    "cities": ["Portland", "Lewiston", "Bangor", "South Portland", "Auburn", "Biddeford", "Sanford", "Saco", "Augusta", "Westbrook", "Waterville", "Presque Isle", "Caribou", "Ellsworth", "Orono", "Brewer", "Old Orchard Beach", "Bath", "Calais", "Eastport"]
  },
  "MD": {
    "name": "Maryland",
    "cities": ["Baltimore", "Frederick", "Rockville", "Gaithersburg", "Bowie", "Annapolis", "College Park", "Salisbury", "Laurel", "Greenbelt", "Cumberland", "Westminster", "Hagerstown", "Hyattsville", "Takoma Park", "Easton", "Elkton", "Aberdeen", "Cambridge", "Ocean City"]
  },
  "MA": {
    "name": "Massachusetts",
    "cities": ["Boston", "Worcester", "Springfield", "Lowell", "Cambridge", "New Bedford", "Brockton", "Quincy", "Lynn", "Fall River", "Newton", "Lawrence", "Somerville", "Framingham", "Haverhill", "Waltham", "Malden", "Brookline", "Plymouth", "Medford"]
  },
  "MI": {
    "name": "Michigan",
    "cities": ["Detroit", "Grand Rapids", "Warren", "Sterling Heights", "Lansing", "Ann Arbor", "Flint", "Dearborn", "Livonia", "Troy", "Westland", "Farmington Hills", "Kalamazoo", "Wyoming", "Southfield", "Rochester Hills", "Taylor", "Pontiac", "St. Clair Shores", "Royal Oak"]
  },
  "MN": {
    "name": "Minnesota",
    "cities": ["Minneapolis", "St. Paul", "Rochester", "Duluth", "Bloomington", "Brooklyn Park", "Plymouth", "St. Cloud", "Eagan", "Woodbury", "Maple Grove", "Coon Rapids", "Eden Prairie", "Minnetonka", "Burnsville", "Apple Valley", "Blaine", "Lakeville", "Mankato", "Maplewood"]
  },
  "MS": {
    "name": "Mississippi",
    "cities": ["Jackson", "Gulfport", "Southaven", "Hattiesburg", "Biloxi", "Meridian", "Tupelo", "Greenville", "Olive Branch", "Horn Lake", "Clinton", "Madison", "Ridgeland", "Starkville", "Columbus", "Vicksburg", "Pascagoula", "Natchez", "Pearl", "Ocean Springs"]
  },
  "MO": {
    "name": "Missouri",
    "cities": ["Kansas City", "St. Louis", "Springfield", "Columbia", "Independence", "Lee's Summit", "O'Fallon", "St. Joseph", "St. Charles", "St. Peters", "Blue Springs", "Florissant", "Joplin", "Chesterfield", "Jefferson City", "Cape Girardeau", "Oakville", "Wildwood", "University City", "Ballwin"]
  },
  "MT": {
    "name": "Montana",
    "cities": ["Billings", "Missoula", "Great Falls", "Bozeman", "Butte", "Helena", "Kalispell", "Havre", "Anaconda", "Miles City", "Belgrade", "Livingston", "Laurel", "Whitefish", "Lewistown", "Sidney", "Glendive", "Hamilton", "Polson", "Columbia Falls"]
  },
  "NE": {
    "name": "Nebraska",
    "cities": ["Omaha", "Lincoln", "Bellevue", "Grand Island", "Kearney", "Fremont", "Hastings", "North Platte", "Norfolk", "Columbus", "Papillion", "La Vista", "Scottsbluff", "South Sioux City", "Beatrice", "Chalco", "York", "McCook", "Nebraska City", "Gering"]
  },
  "NV": {
    "name": "Nevada",
    "cities": ["Las Vegas", "Henderson", "Reno", "North Las Vegas", "Sparks", "Carson City", "Fernley", "Elko", "Mesquite", "Boulder City", "Fallon", "Winnemucca", "West Wendover", "Ely", "Yerington", "Carlin", "Lovelock", "Wells", "Caliente", "Jackpot"]
  },
  "NH": {
    "name": "New Hampshire",
    "cities": ["Manchester", "Nashua", "Concord", "Derry", "Rochester", "Dover", "Salem", "Merrimack", "Hudson", "Londonderry", "Keene", "Bedford", "Portsmouth", "Goffstown", "Laconia", "Hampton", "Milford", "Durham", "Exeter", "Hooksett"]
  },
  "NJ": {
    "name": "New Jersey",
    "cities": ["Newark", "Jersey City", "Paterson", "Elizabeth", "Edison", "Woodbridge", "Lakewood", "Toms River", "Hamilton", "Trenton", "Clifton", "Camden", "Brick", "Cherry Hill", "Passaic", "Union City", "Bayonne", "East Orange", "Vineland", "New Brunswick"]
  },
  "NM": {
    "name": "New Mexico",
    "cities": ["Albuquerque", "Las Cruces", "Rio Rancho", "Santa Fe", "Roswell", "Farmington", "Clovis", "Hobbs", "Alamogordo", "Carlsbad", "Gallup", "Deming", "Los Lunas", "Chaparral", "Sunland Park", "Las Vegas", "Portales", "North Valley", "Artesia", "Bloomfield"]
  },
  "NY": {
    "name": "New York",
    "cities": ["New York", "Buffalo", "Rochester", "Yonkers", "Syracuse", "Albany", "New Rochelle", "Mount Vernon", "Schenectady", "Utica", "White Plains", "Hempstead", "Troy", "Niagara Falls", "Binghamton", "Freeport", "Valley Stream", "Long Beach", "Rome", "Ithaca", "Watertown", "Elmira", "Jamestown", "Poughkeepsie", "Middletown", "Kingston", "Glens Falls", "Plattsburgh", "Saratoga Springs", "Oswego"]
  },
  "NC": {
    "name": "North Carolina",
    "cities": ["Charlotte", "Raleigh", "Greensboro", "Durham", "Winston-Salem", "Fayetteville", "Cary", "Wilmington", "High Point", "Concord", "Asheville", "Gastonia", "Jacksonville", "Chapel Hill", "Rocky Mount", "Burlington", "Wilson", "Huntersville", "Kannapolis", "Apex"]
  },
  "ND": {
    "name": "North Dakota",
    "cities": ["Fargo", "Bismarck", "Grand Forks", "Minot", "West Fargo", "Williston", "Dickinson", "Mandan", "Jamestown", "Wahpeton", "Devils Lake", "Valley City", "Grafton", "Beulah", "Watford City", "Rugby", "Hazen", "Carrington", "New Town", "Stanley"]
  },
  "OH": {
    "name": "Ohio",
    "cities": ["Columbus", "Cleveland", "Cincinnati", "Toledo", "Akron", "Dayton", "Parma", "Canton", "Youngstown", "Lorain", "Hamilton", "Springfield", "Kettering", "Elyria", "Lakewood", "Cuyahoga Falls", "Middletown", "Euclid", "Newark", "Mansfield"]
  },
  "OK": {
    "name": "Oklahoma",
    "cities": ["Oklahoma City", "Tulsa", "Norman", "Broken Arrow", "Lawton", "Edmond", "Moore", "Midwest City", "Enid", "Stillwater", "Muskogee", "Bartlesville", "Owasso", "Shawnee", "Ponca City", "Ardmore", "Duncan", "McAlester", "Bixby", "Sapulpa"]
  },
  "OR": {
    "name": "Oregon",
    "cities": ["Portland", "Eugene", "Salem", "Gresham", "Hillsboro", "Bend", "Beaverton", "Medford", "Springfield", "Corvallis", "Albany", "Tigard", "Lake Oswego", "Keizer", "Grants Pass", "Oregon City", "McMinnville", "Redmond", "Tualatin", "West Linn"]
  },
  "PA": {
    "name": "Pennsylvania",
    "cities": ["Philadelphia", "Pittsburgh", "Allentown", "Erie", "Reading", "Scranton", "Bethlehem", "Lancaster", "Harrisburg", "Altoona", "York", "State College", "Wilkes-Barre", "Chester", "Williamsport", "Johnstown", "Washington", "Monroeville", "McKeesport", "New Castle"]
  },
  "RI": {
    "name": "Rhode Island",
    "cities": ["Providence", "Warwick", "Cranston", "Pawtucket", "East Providence", "Woonsocket", "Newport", "Central Falls", "Westerly", "Cumberland", "North Providence", "South Kingstown", "West Warwick", "Johnston", "North Kingstown", "Barrington", "Middletown", "Portsmouth", "Bristol", "Narragansett"]
  },
  "SC": {
    "name": "South Carolina",
    "cities": ["Charleston", "Columbia", "North Charleston", "Mount Pleasant", "Rock Hill", "Greenville", "Summerville", "Sumter", "Hilton Head Island", "Spartanburg", "Florence", "Aiken", "Myrtle Beach", "Anderson", "Greer", "Greenwood", "Taylors", "Conway", "Lexington", "Goose Creek"]
  },
  "SD": {
    "name": "South Dakota",
    "cities": ["Sioux Falls", "Rapid City", "Aberdeen", "Brookings", "Watertown", "Mitchell", "Yankton", "Pierre", "Huron", "Vermillion", "Spearfish", "Madison", "Sturgis", "Belle Fourche", "Hot Springs", "Lead", "Milbank", "Canton", "Dell Rapids", "Sisseton"]
  },
  "TN": {
    "name": "Tennessee",
    "cities": ["Nashville", "Memphis", "Knoxville", "Chattanooga", "Clarksville", "Murfreesboro", "Franklin", "Jackson", "Johnson City", "Bartlett", "Hendersonville", "Kingsport", "Collierville", "Smyrna", "Cleveland", "Brentwood", "Germantown", "Columbia", "Spring Hill", "La Vergne"]
  },
  "TX": {
    "name": "Texas",
    "cities": ["Houston", "San Antonio", "Dallas", "Austin", "Fort Worth", "El Paso", "Arlington", "Corpus Christi", "Plano", "Laredo", "Lubbock", "Garland", "Irving", "Amarillo", "Grand Prairie", "Brownsville", "McKinney", "Frisco", "Pasadena", "Killeen", "Mesquite", "McAllen", "Carrollton", "Midland", "Denton", "Abilene", "Beaumont", "Round Rock", "Odessa", "Waco"]
  },
  "UT": {
    "name": "Utah",
    "cities": ["Salt Lake City", "West Valley City", "Provo", "West Jordan", "Orem", "Sandy", "Ogden", "St. George", "Layton", "Taylorsville", "South Jordan", "Lehi", "Logan", "Murray", "Draper", "Bountiful", "Riverton", "Roy", "Spanish Fork", "Pleasant Grove"]
  },
  "VT": {
    "name": "Vermont",
    "cities": ["Burlington", "Essex", "South Burlington", "Colchester", "Rutland", "Montpelier", "Barre", "St. Albans", "Milton", "Brattleboro", "Hartford", "Williston", "Middlebury", "Springfield", "Bennington", "Essex Junction", "Winooski", "Swanton", "Shelburne", "Bellows Falls"]
  },
  "VA": {
    "name": "Virginia",
    "cities": ["Virginia Beach", "Norfolk", "Richmond", "Newport News", "Alexandria", "Hampton", "Portsmouth", "Suffolk", "Roanoke", "Lynchburg", "Harrisonburg", "Leesburg", "Charlottesville", "Danville", "Blacksburg", "Manassas", "Petersburg", "Fredericksburg", "Winchester", "Staunton"]
  },
  "WA": {
    "name": "Washington",
    "cities": ["Seattle", "Spokane", "Tacoma", "Vancouver", "Bellevue", "Kent", "Everett", "Renton", "Yakima", "Federal Way", "Spokane Valley", "Bellingham", "Kennewick", "Auburn", "Pasco", "Marysville", "Lakewood", "Redmond", "Shoreline", "Richland"]
  },
  "WV": {
    "name": "West Virginia",
    "cities": ["Charleston", "Huntington", "Parkersburg", "Morgantown", "Wheeling", "Martinsburg", "Fairmont", "Beckley", "Clarksburg", "South Charleston", "St. Albans", "Vienna", "Hurricane", "Bridgeport", "Charles Town", "Keyser", "Oak Hill", "Dunbar", "Elkins", "Nitro"]
  },
  "WI": {
    "name": "Wisconsin",
    "cities": ["Milwaukee", "Madison", "Green Bay", "Kenosha", "Racine", "Appleton", "Waukesha", "Oshkosh", "Eau Claire", "Janesville", "West Allis", "La Crosse", "Sheboygan", "Wauwatosa", "Fond du Lac", "New Berlin", "Wausau", "Brookfield", "Beloit", "Greenfield"]
  },
  "WY": {
    "name": "Wyoming",
    "cities": ["Cheyenne", "Casper", "Laramie", "Gillette", "Rock Springs", "Sheridan", "Green River", "Evanston", "Riverton", "Jackson", "Cody", "Rawlins", "Lander", "Torrington", "Powell", "Douglas", "Worland", "Buffalo", "Wheatland", "Newcastle"]
  }
}
